Brazil,Acre,BR_AC06.04.2020,06.04.2020,f,0,10,Count,Deaths,0,BR_AC
Brazil,Acre,BR_AC06.04.2020,06.04.2020,f,10,10,Count,Deaths,0,BR_AC
Brazil,Acre,BR_AC06.04.2020,06.04.2020,f,20,10,Count,Deaths,0,BR_AC
Brazil,Acre,BR_AC06.04.2020,06.04.2020,f,30,10,Count,Deaths,0,BR_AC
Brazil,Acre,BR_AC06.04.2020,06.04.2020,f,40,10,Count,Deaths,0,BR_AC
Brazil,Acre,BR_AC06.04.2020,06.04.2020,f,50,10,Count,Deaths,0,BR_AC
Brazil,Acre,BR_AC06.04.2020,06.04.2020,f,60,10,Count,Deaths,0,BR_AC
Brazil,Acre,BR_AC06.04.2020,06.04.2020,f,70,10,Count,Deaths,0,BR_AC
Brazil,Acre,BR_AC06.04.2020,06.04.2020,f,80,10,Count,Deaths,1,BR_AC
Brazil,Acre,BR_AC06.04.2020,06.04.2020,f,90,10,Count,Deaths,0,BR_AC
Brazil,Acre,BR_AC06.04.2020,06.04.2020,f,100,5,Count,Deaths,0,BR_AC
Brazil,Alagoas,BR_AL06.04.2020,06.04.2020,f,0,10,Count,Deaths,0,BR_AL
Brazil,Alagoas,BR_AL06.04.2020,06.04.2020,f,10,10,Count,Deaths,0,BR_AL
Brazil,Alagoas,BR_AL06.04.2020,06.04.2020,f,20,10,Count,Deaths,0,BR_AL
Brazil,Alagoas,BR_AL06.04.2020,06.04.2020,f,30,10,Count,Deaths,0,BR_AL
Brazil,Alagoas,BR_AL06.04.2020,06.04.2020,f,40,10,Count,Deaths,0,BR_AL
Brazil,Alagoas,BR_AL06.04.2020,06.04.2020,f,50,10,Count,Deaths,0,BR_AL
Brazil,Alagoas,BR_AL06.04.2020,06.04.2020,f,60,10,Count,Deaths,0,BR_AL
Brazil,Alagoas,BR_AL06.04.2020,06.04.2020,f,70,10,Count,Deaths,0,BR_AL
Brazil,Alagoas,BR_AL06.04.2020,06.04.2020,f,80,10,Count,Deaths,1,BR_AL
Brazil,Alagoas,BR_AL06.04.2020,06.04.2020,f,90,10,Count,Deaths,0,BR_AL
Brazil,Alagoas,BR_AL06.04.2020,06.04.2020,f,100,5,Count,Deaths,0,BR_AL
Brazil,All,BR06.04.2020,06.04.2020,f,0,10,Count,Deaths,7,BR
Brazil,All,BR06.04.2020,06.04.2020,f,10,10,Count,Deaths,3,BR
Brazil,All,BR06.04.2020,06.04.2020,f,20,10,Count,Deaths,13,BR
Brazil,All,BR06.04.2020,06.04.2020,f,30,10,Count,Deaths,22,BR
Brazil,All,BR06.04.2020,06.04.2020,f,40,10,Count,Deaths,45,BR
Brazil,All,BR06.04.2020,06.04.2020,f,50,10,Count,Deaths,84,BR
Brazil,All,BR06.04.2020,06.04.2020,f,60,10,Count,Deaths,134,BR
Brazil,All,BR06.04.2020,06.04.2020,f,70,10,Count,Deaths,167,BR
Brazil,All,BR06.04.2020,06.04.2020,f,80,10,Count,Deaths,163,BR
Brazil,All,BR06.04.2020,06.04.2020,f,90,10,Count,Deaths,89,BR
Brazil,All,BR06.04.2020,06.04.2020,f,100,5,Count,Deaths,3,BR
Brazil,Amapá,BR_AP06.04.2020,06.04.2020,f,0,10,Count,Deaths,0,BR_AP
Brazil,Amapá,BR_AP06.04.2020,06.04.2020,f,10,10,Count,Deaths,0,BR_AP
Brazil,Amapá,BR_AP06.04.2020,06.04.2020,f,20,10,Count,Deaths,0,BR_AP
Brazil,Amapá,BR_AP06.04.2020,06.04.2020,f,30,10,Count,Deaths,0,BR_AP
Brazil,Amapá,BR_AP06.04.2020,06.04.2020,f,40,10,Count,Deaths,0,BR_AP
Brazil,Amapá,BR_AP06.04.2020,06.04.2020,f,50,10,Count,Deaths,0,BR_AP
Brazil,Amapá,BR_AP06.04.2020,06.04.2020,f,60,10,Count,Deaths,0,BR_AP
Brazil,Amapá,BR_AP06.04.2020,06.04.2020,f,70,10,Count,Deaths,0,BR_AP
Brazil,Amapá,BR_AP06.04.2020,06.04.2020,f,80,10,Count,Deaths,0,BR_AP
Brazil,Amapá,BR_AP06.04.2020,06.04.2020,f,90,10,Count,Deaths,0,BR_AP
Brazil,Amapá,BR_AP06.04.2020,06.04.2020,f,100,5,Count,Deaths,0,BR_AP
Brazil,Amazonas,BR_AM06.04.2020,06.04.2020,f,0,10,Count,Deaths,0,BR_AM
Brazil,Amazonas,BR_AM06.04.2020,06.04.2020,f,10,10,Count,Deaths,0,BR_AM
Brazil,Amazonas,BR_AM06.04.2020,06.04.2020,f,20,10,Count,Deaths,0,BR_AM
Brazil,Amazonas,BR_AM06.04.2020,06.04.2020,f,30,10,Count,Deaths,0,BR_AM
Brazil,Amazonas,BR_AM06.04.2020,06.04.2020,f,40,10,Count,Deaths,0,BR_AM
Brazil,Amazonas,BR_AM06.04.2020,06.04.2020,f,50,10,Count,Deaths,0,BR_AM
Brazil,Amazonas,BR_AM06.04.2020,06.04.2020,f,60,10,Count,Deaths,0,BR_AM
Brazil,Amazonas,BR_AM06.04.2020,06.04.2020,f,70,10,Count,Deaths,3,BR_AM
Brazil,Amazonas,BR_AM06.04.2020,06.04.2020,f,80,10,Count,Deaths,1,BR_AM
Brazil,Amazonas,BR_AM06.04.2020,06.04.2020,f,90,10,Count,Deaths,0,BR_AM
Brazil,Amazonas,BR_AM06.04.2020,06.04.2020,f,100,5,Count,Deaths,0,BR_AM
Brazil,Bahia,BR_BA06.04.2020,06.04.2020,f,0,10,Count,Deaths,0,BR_BA
Brazil,Bahia,BR_BA06.04.2020,06.04.2020,f,10,10,Count,Deaths,0,BR_BA
Brazil,Bahia,BR_BA06.04.2020,06.04.2020,f,20,10,Count,Deaths,1,BR_BA
Brazil,Bahia,BR_BA06.04.2020,06.04.2020,f,30,10,Count,Deaths,0,BR_BA
Brazil,Bahia,BR_BA06.04.2020,06.04.2020,f,40,10,Count,Deaths,1,BR_BA
Brazil,Bahia,BR_BA06.04.2020,06.04.2020,f,50,10,Count,Deaths,2,BR_BA
Brazil,Bahia,BR_BA06.04.2020,06.04.2020,f,60,10,Count,Deaths,1,BR_BA
Brazil,Bahia,BR_BA06.04.2020,06.04.2020,f,70,10,Count,Deaths,2,BR_BA
Brazil,Bahia,BR_BA06.04.2020,06.04.2020,f,80,10,Count,Deaths,2,BR_BA
Brazil,Bahia,BR_BA06.04.2020,06.04.2020,f,90,10,Count,Deaths,1,BR_BA
Brazil,Bahia,BR_BA06.04.2020,06.04.2020,f,100,5,Count,Deaths,1,BR_BA
Brazil,Ceará,BR_CE06.04.2020,06.04.2020,f,0,10,Count,Deaths,1,BR_CE
Brazil,Ceará,BR_CE06.04.2020,06.04.2020,f,10,10,Count,Deaths,0,BR_CE
Brazil,Ceará,BR_CE06.04.2020,06.04.2020,f,20,10,Count,Deaths,0,BR_CE
Brazil,Ceará,BR_CE06.04.2020,06.04.2020,f,30,10,Count,Deaths,2,BR_CE
Brazil,Ceará,BR_CE06.04.2020,06.04.2020,f,40,10,Count,Deaths,6,BR_CE
Brazil,Ceará,BR_CE06.04.2020,06.04.2020,f,50,10,Count,Deaths,3,BR_CE
Brazil,Ceará,BR_CE06.04.2020,06.04.2020,f,60,10,Count,Deaths,10,BR_CE
Brazil,Ceará,BR_CE06.04.2020,06.04.2020,f,70,10,Count,Deaths,9,BR_CE
Brazil,Ceará,BR_CE06.04.2020,06.04.2020,f,80,10,Count,Deaths,12,BR_CE
Brazil,Ceará,BR_CE06.04.2020,06.04.2020,f,90,10,Count,Deaths,3,BR_CE
Brazil,Ceará,BR_CE06.04.2020,06.04.2020,f,100,5,Count,Deaths,0,BR_CE
Brazil,Distrito Federal,BR_DF06.04.2020,06.04.2020,f,0,10,Count,Deaths,0,BR_DF
Brazil,Distrito Federal,BR_DF06.04.2020,06.04.2020,f,10,10,Count,Deaths,0,BR_DF
Brazil,Distrito Federal,BR_DF06.04.2020,06.04.2020,f,20,10,Count,Deaths,0,BR_DF
Brazil,Distrito Federal,BR_DF06.04.2020,06.04.2020,f,30,10,Count,Deaths,0,BR_DF
Brazil,Distrito Federal,BR_DF06.04.2020,06.04.2020,f,40,10,Count,Deaths,0,BR_DF
Brazil,Distrito Federal,BR_DF06.04.2020,06.04.2020,f,50,10,Count,Deaths,0,BR_DF
Brazil,Distrito Federal,BR_DF06.04.2020,06.04.2020,f,60,10,Count,Deaths,4,BR_DF
Brazil,Distrito Federal,BR_DF06.04.2020,06.04.2020,f,70,10,Count,Deaths,2,BR_DF
Brazil,Distrito Federal,BR_DF06.04.2020,06.04.2020,f,80,10,Count,Deaths,1,BR_DF
Brazil,Distrito Federal,BR_DF06.04.2020,06.04.2020,f,90,10,Count,Deaths,1,BR_DF
Brazil,Distrito Federal,BR_DF06.04.2020,06.04.2020,f,100,5,Count,Deaths,0,BR_DF
Brazil,Espírito Santo,BR_ES06.04.2020,06.04.2020,f,0,10,Count,Deaths,0,BR_ES
Brazil,Espírito Santo,BR_ES06.04.2020,06.04.2020,f,10,10,Count,Deaths,0,BR_ES
Brazil,Espírito Santo,BR_ES06.04.2020,06.04.2020,f,20,10,Count,Deaths,1,BR_ES
Brazil,Espírito Santo,BR_ES06.04.2020,06.04.2020,f,30,10,Count,Deaths,1,BR_ES
Brazil,Espírito Santo,BR_ES06.04.2020,06.04.2020,f,40,10,Count,Deaths,0,BR_ES
Brazil,Espírito Santo,BR_ES06.04.2020,06.04.2020,f,50,10,Count,Deaths,0,BR_ES
Brazil,Espírito Santo,BR_ES06.04.2020,06.04.2020,f,60,10,Count,Deaths,3,BR_ES
Brazil,Espírito Santo,BR_ES06.04.2020,06.04.2020,f,70,10,Count,Deaths,0,BR_ES
Brazil,Espírito Santo,BR_ES06.04.2020,06.04.2020,f,80,10,Count,Deaths,0,BR_ES
Brazil,Espírito Santo,BR_ES06.04.2020,06.04.2020,f,90,10,Count,Deaths,0,BR_ES
Brazil,Espírito Santo,BR_ES06.04.2020,06.04.2020,f,100,5,Count,Deaths,0,BR_ES
Brazil,Goiás,BR_GO06.04.2020,06.04.2020,f,0,10,Count,Deaths,0,BR_GO
Brazil,Goiás,BR_GO06.04.2020,06.04.2020,f,10,10,Count,Deaths,0,BR_GO
Brazil,Goiás,BR_GO06.04.2020,06.04.2020,f,20,10,Count,Deaths,1,BR_GO
Brazil,Goiás,BR_GO06.04.2020,06.04.2020,f,30,10,Count,Deaths,0,BR_GO
Brazil,Goiás,BR_GO06.04.2020,06.04.2020,f,40,10,Count,Deaths,1,BR_GO
Brazil,Goiás,BR_GO06.04.2020,06.04.2020,f,50,10,Count,Deaths,4,BR_GO
Brazil,Goiás,BR_GO06.04.2020,06.04.2020,f,60,10,Count,Deaths,1,BR_GO
Brazil,Goiás,BR_GO06.04.2020,06.04.2020,f,70,10,Count,Deaths,3,BR_GO
Brazil,Goiás,BR_GO06.04.2020,06.04.2020,f,80,10,Count,Deaths,1,BR_GO
Brazil,Goiás,BR_GO06.04.2020,06.04.2020,f,90,10,Count,Deaths,3,BR_GO
Brazil,Goiás,BR_GO06.04.2020,06.04.2020,f,100,5,Count,Deaths,0,BR_GO
Brazil,Maranhão,BR_MA06.04.2020,06.04.2020,f,0,10,Count,Deaths,0,BR_MA
Brazil,Maranhão,BR_MA06.04.2020,06.04.2020,f,10,10,Count,Deaths,0,BR_MA
Brazil,Maranhão,BR_MA06.04.2020,06.04.2020,f,20,10,Count,Deaths,0,BR_MA
Brazil,Maranhão,BR_MA06.04.2020,06.04.2020,f,30,10,Count,Deaths,0,BR_MA
Brazil,Maranhão,BR_MA06.04.2020,06.04.2020,f,40,10,Count,Deaths,0,BR_MA
Brazil,Maranhão,BR_MA06.04.2020,06.04.2020,f,50,10,Count,Deaths,0,BR_MA
Brazil,Maranhão,BR_MA06.04.2020,06.04.2020,f,60,10,Count,Deaths,0,BR_MA
Brazil,Maranhão,BR_MA06.04.2020,06.04.2020,f,70,10,Count,Deaths,0,BR_MA
Brazil,Maranhão,BR_MA06.04.2020,06.04.2020,f,80,10,Count,Deaths,0,BR_MA
Brazil,Maranhão,BR_MA06.04.2020,06.04.2020,f,90,10,Count,Deaths,0,BR_MA
Brazil,Maranhão,BR_MA06.04.2020,06.04.2020,f,100,5,Count,Deaths,0,BR_MA
Brazil,Mato Grosso,BR_MT06.04.2020,06.04.2020,f,0,10,Count,Deaths,0,BR_MT
Brazil,Mato Grosso,BR_MT06.04.2020,06.04.2020,f,10,10,Count,Deaths,1,BR_MT
Brazil,Mato Grosso,BR_MT06.04.2020,06.04.2020,f,20,10,Count,Deaths,0,BR_MT
Brazil,Mato Grosso,BR_MT06.04.2020,06.04.2020,f,30,10,Count,Deaths,0,BR_MT
Brazil,Mato Grosso,BR_MT06.04.2020,06.04.2020,f,40,10,Count,Deaths,0,BR_MT
Brazil,Mato Grosso,BR_MT06.04.2020,06.04.2020,f,50,10,Count,Deaths,1,BR_MT
Brazil,Mato Grosso,BR_MT06.04.2020,06.04.2020,f,60,10,Count,Deaths,0,BR_MT
Brazil,Mato Grosso,BR_MT06.04.2020,06.04.2020,f,70,10,Count,Deaths,0,BR_MT
Brazil,Mato Grosso,BR_MT06.04.2020,06.04.2020,f,80,10,Count,Deaths,0,BR_MT
Brazil,Mato Grosso,BR_MT06.04.2020,06.04.2020,f,90,10,Count,Deaths,0,BR_MT
Brazil,Mato Grosso,BR_MT06.04.2020,06.04.2020,f,100,5,Count,Deaths,0,BR_MT
Brazil,Mato Grosso do Sul,BR_MS06.04.2020,06.04.2020,f,0,10,Count,Deaths,0,BR_MS
Brazil,Mato Grosso do Sul,BR_MS06.04.2020,06.04.2020,f,10,10,Count,Deaths,0,BR_MS
Brazil,Mato Grosso do Sul,BR_MS06.04.2020,06.04.2020,f,20,10,Count,Deaths,0,BR_MS
Brazil,Mato Grosso do Sul,BR_MS06.04.2020,06.04.2020,f,30,10,Count,Deaths,0,BR_MS
Brazil,Mato Grosso do Sul,BR_MS06.04.2020,06.04.2020,f,40,10,Count,Deaths,0,BR_MS
Brazil,Mato Grosso do Sul,BR_MS06.04.2020,06.04.2020,f,50,10,Count,Deaths,0,BR_MS
Brazil,Mato Grosso do Sul,BR_MS06.04.2020,06.04.2020,f,60,10,Count,Deaths,1,BR_MS
Brazil,Mato Grosso do Sul,BR_MS06.04.2020,06.04.2020,f,70,10,Count,Deaths,0,BR_MS
Brazil,Mato Grosso do Sul,BR_MS06.04.2020,06.04.2020,f,80,10,Count,Deaths,0,BR_MS
Brazil,Mato Grosso do Sul,BR_MS06.04.2020,06.04.2020,f,90,10,Count,Deaths,0,BR_MS
Brazil,Mato Grosso do Sul,BR_MS06.04.2020,06.04.2020,f,100,5,Count,Deaths,0,BR_MS
Brazil,Minas Gerais,BR_MG06.04.2020,06.04.2020,f,0,10,Count,Deaths,0,BR_MG
Brazil,Minas Gerais,BR_MG06.04.2020,06.04.2020,f,10,10,Count,Deaths,0,BR_MG
Brazil,Minas Gerais,BR_MG06.04.2020,06.04.2020,f,20,10,Count,Deaths,0,BR_MG
Brazil,Minas Gerais,BR_MG06.04.2020,06.04.2020,f,30,10,Count,Deaths,0,BR_MG
Brazil,Minas Gerais,BR_MG06.04.2020,06.04.2020,f,40,10,Count,Deaths,2,BR_MG
Brazil,Minas Gerais,BR_MG06.04.2020,06.04.2020,f,50,10,Count,Deaths,2,BR_MG
Brazil,Minas Gerais,BR_MG06.04.2020,06.04.2020,f,60,10,Count,Deaths,1,BR_MG
Brazil,Minas Gerais,BR_MG06.04.2020,06.04.2020,f,70,10,Count,Deaths,10,BR_MG
Brazil,Minas Gerais,BR_MG06.04.2020,06.04.2020,f,80,10,Count,Deaths,5,BR_MG
Brazil,Minas Gerais,BR_MG06.04.2020,06.04.2020,f,90,10,Count,Deaths,4,BR_MG
Brazil,Minas Gerais,BR_MG06.04.2020,06.04.2020,f,100,5,Count,Deaths,1,BR_MG
Brazil,Pará,BR_PA06.04.2020,06.04.2020,f,0,10,Count,Deaths,0,BR_PA
Brazil,Pará,BR_PA06.04.2020,06.04.2020,f,10,10,Count,Deaths,0,BR_PA
Brazil,Pará,BR_PA06.04.2020,06.04.2020,f,20,10,Count,Deaths,0,BR_PA
Brazil,Pará,BR_PA06.04.2020,06.04.2020,f,30,10,Count,Deaths,0,BR_PA
Brazil,Pará,BR_PA06.04.2020,06.04.2020,f,40,10,Count,Deaths,0,BR_PA
Brazil,Pará,BR_PA06.04.2020,06.04.2020,f,50,10,Count,Deaths,0,BR_PA
Brazil,Pará,BR_PA06.04.2020,06.04.2020,f,60,10,Count,Deaths,0,BR_PA
Brazil,Pará,BR_PA06.04.2020,06.04.2020,f,70,10,Count,Deaths,1,BR_PA
Brazil,Pará,BR_PA06.04.2020,06.04.2020,f,80,10,Count,Deaths,1,BR_PA
Brazil,Pará,BR_PA06.04.2020,06.04.2020,f,90,10,Count,Deaths,0,BR_PA
Brazil,Pará,BR_PA06.04.2020,06.04.2020,f,100,5,Count,Deaths,0,BR_PA
Brazil,Paraíba,BR_PB06.04.2020,06.04.2020,f,0,10,Count,Deaths,0,BR_PB
Brazil,Paraíba,BR_PB06.04.2020,06.04.2020,f,10,10,Count,Deaths,0,BR_PB
Brazil,Paraíba,BR_PB06.04.2020,06.04.2020,f,20,10,Count,Deaths,0,BR_PB
Brazil,Paraíba,BR_PB06.04.2020,06.04.2020,f,30,10,Count,Deaths,0,BR_PB
Brazil,Paraíba,BR_PB06.04.2020,06.04.2020,f,40,10,Count,Deaths,0,BR_PB
Brazil,Paraíba,BR_PB06.04.2020,06.04.2020,f,50,10,Count,Deaths,0,BR_PB
Brazil,Paraíba,BR_PB06.04.2020,06.04.2020,f,60,10,Count,Deaths,1,BR_PB
Brazil,Paraíba,BR_PB06.04.2020,06.04.2020,f,70,10,Count,Deaths,1,BR_PB
Brazil,Paraíba,BR_PB06.04.2020,06.04.2020,f,80,10,Count,Deaths,2,BR_PB
Brazil,Paraíba,BR_PB06.04.2020,06.04.2020,f,90,10,Count,Deaths,0,BR_PB
Brazil,Paraíba,BR_PB06.04.2020,06.04.2020,f,100,5,Count,Deaths,0,BR_PB
Brazil,Paraná,BR_PR06.04.2020,06.04.2020,f,0,10,Count,Deaths,0,BR_PR
Brazil,Paraná,BR_PR06.04.2020,06.04.2020,f,10,10,Count,Deaths,0,BR_PR
Brazil,Paraná,BR_PR06.04.2020,06.04.2020,f,20,10,Count,Deaths,0,BR_PR
Brazil,Paraná,BR_PR06.04.2020,06.04.2020,f,30,10,Count,Deaths,0,BR_PR
Brazil,Paraná,BR_PR06.04.2020,06.04.2020,f,40,10,Count,Deaths,1,BR_PR
Brazil,Paraná,BR_PR06.04.2020,06.04.2020,f,50,10,Count,Deaths,1,BR_PR
Brazil,Paraná,BR_PR06.04.2020,06.04.2020,f,60,10,Count,Deaths,1,BR_PR
Brazil,Paraná,BR_PR06.04.2020,06.04.2020,f,70,10,Count,Deaths,4,BR_PR
Brazil,Paraná,BR_PR06.04.2020,06.04.2020,f,80,10,Count,Deaths,3,BR_PR
Brazil,Paraná,BR_PR06.04.2020,06.04.2020,f,90,10,Count,Deaths,2,BR_PR
Brazil,Paraná,BR_PR06.04.2020,06.04.2020,f,100,5,Count,Deaths,0,BR_PR
Brazil,Pernambuco,BR_PE06.04.2020,06.04.2020,f,0,10,Count,Deaths,0,BR_PE
Brazil,Pernambuco,BR_PE06.04.2020,06.04.2020,f,10,10,Count,Deaths,0,BR_PE
Brazil,Pernambuco,BR_PE06.04.2020,06.04.2020,f,20,10,Count,Deaths,0,BR_PE
Brazil,Pernambuco,BR_PE06.04.2020,06.04.2020,f,30,10,Count,Deaths,3,BR_PE
Brazil,Pernambuco,BR_PE06.04.2020,06.04.2020,f,40,10,Count,Deaths,0,BR_PE
Brazil,Pernambuco,BR_PE06.04.2020,06.04.2020,f,50,10,Count,Deaths,3,BR_PE
Brazil,Pernambuco,BR_PE06.04.2020,06.04.2020,f,60,10,Count,Deaths,1,BR_PE
Brazil,Pernambuco,BR_PE06.04.2020,06.04.2020,f,70,10,Count,Deaths,3,BR_PE
Brazil,Pernambuco,BR_PE06.04.2020,06.04.2020,f,80,10,Count,Deaths,2,BR_PE
Brazil,Pernambuco,BR_PE06.04.2020,06.04.2020,f,90,10,Count,Deaths,1,BR_PE
Brazil,Pernambuco,BR_PE06.04.2020,06.04.2020,f,100,5,Count,Deaths,0,BR_PE
Brazil,Piauí,BR_PI06.04.2020,06.04.2020,f,0,10,Count,Deaths,0,BR_PI
Brazil,Piauí,BR_PI06.04.2020,06.04.2020,f,10,10,Count,Deaths,0,BR_PI
Brazil,Piauí,BR_PI06.04.2020,06.04.2020,f,20,10,Count,Deaths,0,BR_PI
Brazil,Piauí,BR_PI06.04.2020,06.04.2020,f,30,10,Count,Deaths,0,BR_PI
Brazil,Piauí,BR_PI06.04.2020,06.04.2020,f,40,10,Count,Deaths,1,BR_PI
Brazil,Piauí,BR_PI06.04.2020,06.04.2020,f,50,10,Count,Deaths,0,BR_PI
Brazil,Piauí,BR_PI06.04.2020,06.04.2020,f,60,10,Count,Deaths,1,BR_PI
Brazil,Piauí,BR_PI06.04.2020,06.04.2020,f,70,10,Count,Deaths,0,BR_PI
Brazil,Piauí,BR_PI06.04.2020,06.04.2020,f,80,10,Count,Deaths,0,BR_PI
Brazil,Piauí,BR_PI06.04.2020,06.04.2020,f,90,10,Count,Deaths,0,BR_PI
Brazil,Piauí,BR_PI06.04.2020,06.04.2020,f,100,5,Count,Deaths,0,BR_PI
Brazil,Rio de Janeiro,BR_RJ06.04.2020,06.04.2020,f,0,10,Count,Deaths,1,BR_RJ
Brazil,Rio de Janeiro,BR_RJ06.04.2020,06.04.2020,f,10,10,Count,Deaths,0,BR_RJ
Brazil,Rio de Janeiro,BR_RJ06.04.2020,06.04.2020,f,20,10,Count,Deaths,3,BR_RJ
Brazil,Rio de Janeiro,BR_RJ06.04.2020,06.04.2020,f,30,10,Count,Deaths,4,BR_RJ
Brazil,Rio de Janeiro,BR_RJ06.04.2020,06.04.2020,f,40,10,Count,Deaths,5,BR_RJ
Brazil,Rio de Janeiro,BR_RJ06.04.2020,06.04.2020,f,50,10,Count,Deaths,11,BR_RJ
Brazil,Rio de Janeiro,BR_RJ06.04.2020,06.04.2020,f,60,10,Count,Deaths,28,BR_RJ
Brazil,Rio de Janeiro,BR_RJ06.04.2020,06.04.2020,f,70,10,Count,Deaths,25,BR_RJ
Brazil,Rio de Janeiro,BR_RJ06.04.2020,06.04.2020,f,80,10,Count,Deaths,21,BR_RJ
Brazil,Rio de Janeiro,BR_RJ06.04.2020,06.04.2020,f,90,10,Count,Deaths,9,BR_RJ
Brazil,Rio de Janeiro,BR_RJ06.04.2020,06.04.2020,f,100,5,Count,Deaths,0,BR_RJ
Brazil,Rio Grande do Norte,BR_RN06.04.2020,06.04.2020,f,0,10,Count,Deaths,0,BR_RN
Brazil,Rio Grande do Norte,BR_RN06.04.2020,06.04.2020,f,10,10,Count,Deaths,0,BR_RN
Brazil,Rio Grande do Norte,BR_RN06.04.2020,06.04.2020,f,20,10,Count,Deaths,1,BR_RN
Brazil,Rio Grande do Norte,BR_RN06.04.2020,06.04.2020,f,30,10,Count,Deaths,1,BR_RN
Brazil,Rio Grande do Norte,BR_RN06.04.2020,06.04.2020,f,40,10,Count,Deaths,0,BR_RN
Brazil,Rio Grande do Norte,BR_RN06.04.2020,06.04.2020,f,50,10,Count,Deaths,0,BR_RN
Brazil,Rio Grande do Norte,BR_RN06.04.2020,06.04.2020,f,60,10,Count,Deaths,0,BR_RN
Brazil,Rio Grande do Norte,BR_RN06.04.2020,06.04.2020,f,70,10,Count,Deaths,2,BR_RN
Brazil,Rio Grande do Norte,BR_RN06.04.2020,06.04.2020,f,80,10,Count,Deaths,0,BR_RN
Brazil,Rio Grande do Norte,BR_RN06.04.2020,06.04.2020,f,90,10,Count,Deaths,0,BR_RN
Brazil,Rio Grande do Norte,BR_RN06.04.2020,06.04.2020,f,100,5,Count,Deaths,0,BR_RN
Brazil,Rio Grande do Sul,BR_RS06.04.2020,06.04.2020,f,0,10,Count,Deaths,1,BR_RS
Brazil,Rio Grande do Sul,BR_RS06.04.2020,06.04.2020,f,10,10,Count,Deaths,0,BR_RS
Brazil,Rio Grande do Sul,BR_RS06.04.2020,06.04.2020,f,20,10,Count,Deaths,0,BR_RS
Brazil,Rio Grande do Sul,BR_RS06.04.2020,06.04.2020,f,30,10,Count,Deaths,0,BR_RS
Brazil,Rio Grande do Sul,BR_RS06.04.2020,06.04.2020,f,40,10,Count,Deaths,0,BR_RS
Brazil,Rio Grande do Sul,BR_RS06.04.2020,06.04.2020,f,50,10,Count,Deaths,1,BR_RS
Brazil,Rio Grande do Sul,BR_RS06.04.2020,06.04.2020,f,60,10,Count,Deaths,0,BR_RS
Brazil,Rio Grande do Sul,BR_RS06.04.2020,06.04.2020,f,70,10,Count,Deaths,2,BR_RS
Brazil,Rio Grande do Sul,BR_RS06.04.2020,06.04.2020,f,80,10,Count,Deaths,2,BR_RS
Brazil,Rio Grande do Sul,BR_RS06.04.2020,06.04.2020,f,90,10,Count,Deaths,2,BR_RS
Brazil,Rio Grande do Sul,BR_RS06.04.2020,06.04.2020,f,100,5,Count,Deaths,0,BR_RS
Brazil,Rondônia,BR_RO06.04.2020,06.04.2020,f,0,10,Count,Deaths,0,BR_RO
Brazil,Rondônia,BR_RO06.04.2020,06.04.2020,f,10,10,Count,Deaths,0,BR_RO
Brazil,Rondônia,BR_RO06.04.2020,06.04.2020,f,20,10,Count,Deaths,0,BR_RO
Brazil,Rondônia,BR_RO06.04.2020,06.04.2020,f,30,10,Count,Deaths,0,BR_RO
Brazil,Rondônia,BR_RO06.04.2020,06.04.2020,f,40,10,Count,Deaths,0,BR_RO
Brazil,Rondônia,BR_RO06.04.2020,06.04.2020,f,50,10,Count,Deaths,0,BR_RO
Brazil,Rondônia,BR_RO06.04.2020,06.04.2020,f,60,10,Count,Deaths,1,BR_RO
Brazil,Rondônia,BR_RO06.04.2020,06.04.2020,f,70,10,Count,Deaths,0,BR_RO
Brazil,Rondônia,BR_RO06.04.2020,06.04.2020,f,80,10,Count,Deaths,0,BR_RO
Brazil,Rondônia,BR_RO06.04.2020,06.04.2020,f,90,10,Count,Deaths,0,BR_RO
Brazil,Rondônia,BR_RO06.04.2020,06.04.2020,f,100,5,Count,Deaths,0,BR_RO
Brazil,Roraima,BR_RR06.04.2020,06.04.2020,f,0,10,Count,Deaths,0,BR_RR
Brazil,Roraima,BR_RR06.04.2020,06.04.2020,f,10,10,Count,Deaths,0,BR_RR
Brazil,Roraima,BR_RR06.04.2020,06.04.2020,f,20,10,Count,Deaths,0,BR_RR
Brazil,Roraima,BR_RR06.04.2020,06.04.2020,f,30,10,Count,Deaths,0,BR_RR
Brazil,Roraima,BR_RR06.04.2020,06.04.2020,f,40,10,Count,Deaths,0,BR_RR
Brazil,Roraima,BR_RR06.04.2020,06.04.2020,f,50,10,Count,Deaths,0,BR_RR
Brazil,Roraima,BR_RR06.04.2020,06.04.2020,f,60,10,Count,Deaths,0,BR_RR
Brazil,Roraima,BR_RR06.04.2020,06.04.2020,f,70,10,Count,Deaths,0,BR_RR
Brazil,Roraima,BR_RR06.04.2020,06.04.2020,f,80,10,Count,Deaths,0,BR_RR
Brazil,Roraima,BR_RR06.04.2020,06.04.2020,f,90,10,Count,Deaths,1,BR_RR
Brazil,Roraima,BR_RR06.04.2020,06.04.2020,f,100,5,Count,Deaths,0,BR_RR
Brazil,Santa Catarina,BR_SC06.04.2020,06.04.2020,f,0,10,Count,Deaths,0,BR_SC
Brazil,Santa Catarina,BR_SC06.04.2020,06.04.2020,f,10,10,Count,Deaths,0,BR_SC
Brazil,Santa Catarina,BR_SC06.04.2020,06.04.2020,f,20,10,Count,Deaths,0,BR_SC
Brazil,Santa Catarina,BR_SC06.04.2020,06.04.2020,f,30,10,Count,Deaths,1,BR_SC
Brazil,Santa Catarina,BR_SC06.04.2020,06.04.2020,f,40,10,Count,Deaths,0,BR_SC
Brazil,Santa Catarina,BR_SC06.04.2020,06.04.2020,f,50,10,Count,Deaths,3,BR_SC
Brazil,Santa Catarina,BR_SC06.04.2020,06.04.2020,f,60,10,Count,Deaths,1,BR_SC
Brazil,Santa Catarina,BR_SC06.04.2020,06.04.2020,f,70,10,Count,Deaths,1,BR_SC
Brazil,Santa Catarina,BR_SC06.04.2020,06.04.2020,f,80,10,Count,Deaths,3,BR_SC
Brazil,Santa Catarina,BR_SC06.04.2020,06.04.2020,f,90,10,Count,Deaths,2,BR_SC
Brazil,Santa Catarina,BR_SC06.04.2020,06.04.2020,f,100,5,Count,Deaths,0,BR_SC
Brazil,São Paulo,BR_SP06.04.2020,06.04.2020,f,0,10,Count,Deaths,4,BR_SP
Brazil,São Paulo,BR_SP06.04.2020,06.04.2020,f,10,10,Count,Deaths,2,BR_SP
Brazil,São Paulo,BR_SP06.04.2020,06.04.2020,f,20,10,Count,Deaths,6,BR_SP
Brazil,São Paulo,BR_SP06.04.2020,06.04.2020,f,30,10,Count,Deaths,10,BR_SP
Brazil,São Paulo,BR_SP06.04.2020,06.04.2020,f,40,10,Count,Deaths,28,BR_SP
Brazil,São Paulo,BR_SP06.04.2020,06.04.2020,f,50,10,Count,Deaths,53,BR_SP
Brazil,São Paulo,BR_SP06.04.2020,06.04.2020,f,60,10,Count,Deaths,78,BR_SP
Brazil,São Paulo,BR_SP06.04.2020,06.04.2020,f,70,10,Count,Deaths,99,BR_SP
Brazil,São Paulo,BR_SP06.04.2020,06.04.2020,f,80,10,Count,Deaths,105,BR_SP
Brazil,São Paulo,BR_SP06.04.2020,06.04.2020,f,90,10,Count,Deaths,60,BR_SP
Brazil,São Paulo,BR_SP06.04.2020,06.04.2020,f,100,5,Count,Deaths,1,BR_SP
Brazil,Sergipe,BR_SE06.04.2020,06.04.2020,f,0,10,Count,Deaths,0,BR_SE
Brazil,Sergipe,BR_SE06.04.2020,06.04.2020,f,10,10,Count,Deaths,0,BR_SE
Brazil,Sergipe,BR_SE06.04.2020,06.04.2020,f,20,10,Count,Deaths,0,BR_SE
Brazil,Sergipe,BR_SE06.04.2020,06.04.2020,f,30,10,Count,Deaths,0,BR_SE
Brazil,Sergipe,BR_SE06.04.2020,06.04.2020,f,40,10,Count,Deaths,0,BR_SE
Brazil,Sergipe,BR_SE06.04.2020,06.04.2020,f,50,10,Count,Deaths,0,BR_SE
Brazil,Sergipe,BR_SE06.04.2020,06.04.2020,f,60,10,Count,Deaths,1,BR_SE
Brazil,Sergipe,BR_SE06.04.2020,06.04.2020,f,70,10,Count,Deaths,0,BR_SE
Brazil,Sergipe,BR_SE06.04.2020,06.04.2020,f,80,10,Count,Deaths,0,BR_SE
Brazil,Sergipe,BR_SE06.04.2020,06.04.2020,f,90,10,Count,Deaths,0,BR_SE
Brazil,Sergipe,BR_SE06.04.2020,06.04.2020,f,100,5,Count,Deaths,0,BR_SE
